"datecode","t","species","gb2","gc","sr","wsn","wsh","win","wih","wan","wah","En","Eh","Tn","Th","gtn.est","gsn.est","gsn.corr","phi","gamma","eta","hleaf.rough","hleaf","pct.dE","deltaw"
"202505070000",13.0422216000001,"MAGR (sp)",4.5,0.00265,0,0.0323897363913184,0.0317488896475346,0.0231357150393101,0.0231357150393101,0.007391865666,0.01561026434,0.002970192,0.002960511,25.37422271,25.03820057,0.116454418614248,0.117220732830785,0.196706719232155,0.0134718326366495,0.0874252085476246,2.21880000450034,0.696884147045878,0.714291550872616,-0.325938525186254,15.7438493733101
"202505070000",13.1765279999998,"MAGR (sp)",4.5,0.00265,0,0.0323616086812111,0.0316806705422257,0.0236156134416314,0.0236156134416314,0.007325157906,0.01568646383,0.002949396,0.002990299,25.35959635,25.00208307,0.115466446528022,0.11612519307545,0.187817947466239,0.0141094077309962,0.0834746433183286,2.18310901524895,0.704975478376986,0.729741641531638,1.38682631969393,16.2904555356314
"202505070000",13.2945839999999,"MAGR (sp)",4.5,0.00265,0,0.0322110939520809,0.0316587565686988,0.0230767970607043,0.0230767970607043,0.007417309523,0.01566159056,0.002982523,0.002967967,25.2811401,24.99046668,0.117909659816282,0.118836263537406,0.198817282810099,0.013328821129354,0.0883632368044883,2.2219654386697,0.699675848841225,0.716423884734704,-0.488043176867363,15.6594875377043
"202505070000",13.4691672,"MAGR (sp)",4.5,0.00265,0,0.0322004163980541,0.0316974782690489,0.0233155698474426,0.0233155698474426,0.007525283557,0.01582063232,0.003024707,0.003032097,25.27556226,25.01098794,0.120146372371318,0.121323640714765,0.200057175364127,0.0132462132146808,0.088914300161834,2.20546783142434,0.70428508994836,0.72407665662521,0.24432118549003,15.7902862904426
"202505120000",9.23791679999999,"HEAN",4.5,0.0016,1,0.0287958065860354,0.0289338223875966,0.0266321677308411,0.0266321677308411,0.02119015784,0.02415264708,0.007036364,0.006946062,23.40889845,23.48822428,0.902027494141092,0.562484872386472,0.875383417888991,0.00182777051438607,0.389059296839552,2.08402340955972,0.908480327307833,0.924862710522457,-1.28336169078234,5.44200989084115
"202505120000",9.37722239999971,"HEAN",4.5,0.0016,1,0.0288506630338825,0.0289975540531918,0.0266395827929231,0.0266395827929231,0.02113795645,0.02413709919,0.006987415,0.006918253,23.44046734,23.52474323,0.883317589110857,0.547926983490602,0.853964609455457,0.00187361394404888,0.379539826424648,2.08208808542642,0.906695587334191,0.923361198376528,-0.989808105000207,5.50162634292314
"202505120000",9.50083440000003,"HEAN",4.5,0.0016,1,0.0289272678722264,0.0290479358383406,0.0266477573746273,0.0266477573746273,0.02115432445,0.02412012291,0.006985382,0.006927194,23.48446449,23.55356301,0.876175485049371,0.542409466580901,0.855367579188948,0.00187054085159167,0.380163368528421,2.07851588122543,0.904298388441728,0.921198555367629,-0.832996677919687,5.49343292462734
"202505120000",9.64180559999977,"HEAN",4.5,0.0016,1,0.0289552337474136,0.0290573251080346,0.0266580851695892,0.0266580851695892,0.02120803833,0.02413957669,0.006982075,0.006903475,23.50050105,23.55892911,0.878634495362649,0.544306678581436,0.864209262172848,0.00185140343899715,0.384093005410155,2.08290872810163,0.904224052055027,0.920665514294815,-1.12573984094986,5.45004683958916
"202505200000",14.3876399999997,"HEAR",4.5,0.000955,0,0.0266142578711281,0.0260574900258362,0.0245631190641974,0.0245631190641974,0.01283050009,0.01881258526,0.002804597,0.002777522,22.10878497,21.76209517,0.199458211522144,0.216755906632585,0.259730945835365,0.00367688184759217,0.115435975926829,2.23422842597627,0.909181873205527,0.922930828397966,-0.965379339705479,11.7326189741974
"202505200000",14.5473600000003,"HEAR",4.5,0.000955,0,0.0265512021634842,0.026031662495197,0.0242910040991897,0.0242910040991897,0.01299065003,0.01876500521,0.002815997,0.002787397,22.0698411,21.74585629,0.203555290688236,0.22169407718049,0.272215381692265,0.00350825142232268,0.120984614085451,2.2313495240006,0.901158206033384,0.914873983845336,-1.01562608198802,11.3003540691897
"202505200000",14.6966663999997,"HEAR",4.5,0.000955,0,0.0265949013527719,0.026077451137573,0.0242490265224117,0.0242490265224117,0.01298840001,0.01871167946,0.002802787,0.002792372,22.09683876,21.77463595,0.201911949997426,0.219711002375836,0.271859583875483,0.00351284286684338,0.120826481722437,2.2170387103737,0.895925994275528,0.91179230938882,-0.371594416557525,11.2606265124117
"202505210000",11.3256936,"HEAR",4.5,0.000955,0,0.0323425204132559,0.0316479024920748,0.0273728880822858,0.0273728880822858,0.01107125005,0.01942517922,0.003204025,0.003237165,25.34966417,24.98471044,0.147357235534942,0.15563672613834,0.208734730144375,0.00457518496964763,0.092770991175278,2.20618036719939,0.82588934526598,0.846343690365789,1.03432401432573,16.3016380322858
"202601071201",10.8261111111111,"HEAN",4.5,0.0016,1,0.0305106819585567,0.0303011531293004,0.0290785015874796,0.0290785015874796,0.0201287803115132,0.0247115771979616,0.00805266529635013,0.00801097075536586,24.3718495057008,24.2567640940348,0.756005425880841,0.452730842248105,0.543531064860779,0.00294371399068023,0.241569362160346,2.14281688722502,0.934104663028542,0.953059706334244,-0.51777317757351,8.94972127596636
"202601071201",11.0679166666667,"HEAN",4.5,0.0016,1,0.0304290126164708,0.0302490768100302,0.0291640186733608,0.0291640186733608,0.0200720497689596,0.0247499669756208,0.00798693725203232,0.00797683644507613,24.3270741904654,24.2280530657087,0.751693615053031,0.449619953806751,0.527576677288221,0.00303273451780338,0.234478523239209,2.13857468283944,0.938679622443918,0.958428031857161,-0.126466587096573,9.0919689044012
"202601071201",11.2772222222222,"HEAN",4.5,0.0016,1,0.0304314039948628,0.0302304308334466,0.0290341045290325,0.0290341045290325,0.0199965533088235,0.0246134221720141,0.00794588091472785,0.00795885307584391,24.3283867555506,24.2177625700485,0.742275464788059,0.442849767438564,0.528201224374446,0.00302914860126441,0.234756099721976,2.13222666169156,0.933689630044884,0.954083634587935,0.163256424998965,9.037551220209
"202601071201",11.4697222222222,"HEAN",4.5,0.0016,1,0.0304557798965436,0.0302128070452414,0.0289825206380659,0.0289825206380659,0.0198306058905591,0.0244706169821999,0.0078687546774745,0.007892188988626,24.3417609203821,24.2080311168324,0.721956088104175,0.428358263089448,0.513893273020146,0.00311348695147694,0.228397010231176,2.13312520807814,0.931043448479475,0.95162628363213,0.297814738316648,9.15191474750679
"202601071201",11.6431944444444,"HEAN",4.5,0.0016,1,0.0304250835544487,0.0301654632632669,0.0290765652261487,0.0290765652261487,0.0196535465717316,0.0244321804046631,0.00775788625469431,0.00778757480327927,24.3249174356461,24.1818644205729,0.702187079585319,0.414408097864509,0.487278525603264,0.00328354301683858,0.216568233601451,2.1384347701103,0.935098265392408,0.955677415778111,0.382688629483255,9.42301865441708
"202601071201",11.8194444444444,"HEAN",4.5,0.0016,1,0.0303884517946416,0.0301364643015577,0.0291430614950025,0.0291430614950025,0.0195316310026208,0.024437474738227,0.00771330599197928,0.00772303193807602,24.3047976980404,24.1658191257053,0.692724113179299,0.407781747209018,0.472358326872238,0.00338725901286538,0.209937034165439,2.14798721551202,0.939195212573845,0.959017645648579,0.126093092985719,9.61143049238168
"202601081319",12.4675,"GOHI",4.5,0.00292,1,0.0322230745645158,0.031479673536193,0.0297632056393586,0.0297632056393586,0.0121473048073905,0.0211919142540465,0.0035776841800828,0.00361570675282719,25.2873967249591,24.8952727825084,0.174255464185606,0.087717528677777,0.101095106017332,0.0288836929405799,0.0449311582299255,2.22466811645612,0.905294818520212,0.923661259566272,1.06277051943445,17.6159008319681
"202601131415",13.3368055555556,"GOHI",4.5,0.00292,1,0.0317115024937807,0.0310578849178997,0.0298272643432525,0.0298272643432525,0.014438544181677,0.0222903648439001,0.00637171091064094,0.006388776202793,25.0184149375329,24.6691858260358,0.360371594732258,0.192951708464407,0.219538998880216,0.0133005981392545,0.0975728883912071,2.21489636026732,0.922383716045988,0.940581870855923,0.267829039819746,15.3887201615755
"202601131415",13.6276388888889,"GOHI",4.5,0.00292,1,0.0317181227350201,0.0311546800230341,0.0296338030458619,0.0296338030458619,0.0143687213129467,0.0222477230495877,0.00634780806204718,0.00635792227694765,25.0219199127621,24.7213055822584,0.357449383473026,0.191226357465291,0.220627992524301,0.013234947961911,0.0980568855663559,2.21697476504425,0.916720863555225,0.934286158529272,0.159333974839943,15.2650817329152
"202601141238",12.1431944444444,"GOHI",4.5,0.00292,1,0.0318689759403452,0.0312622212637667,0.0302815560730579,0.0302815560730579,0.0144527105129126,0.0226507429802555,0.00475143895936057,0.0047595096944735,25.1016142296069,24.779046288852,0.266497524734045,0.138716726128035,0.154047375209026,0.0189552077472132,0.0684655000929006,2.2351172170402,0.935358806044827,0.95018917864638,0.169858756093873,15.8288455601453
"202601141238",12.4248611111111,"GOHI",4.5,0.00292,1,0.0318951237981873,0.0311503668614685,0.0303608651698703,0.0303608651698703,0.0145437331505311,0.0225845203070805,0.00479501160757186,0.00481407308212385,25.1153944333394,24.7189861494919,0.269930766566471,0.140657845008835,0.155699104960388,0.0187541219375853,0.0691996022046167,2.22964406491293,0.935921911693935,0.951896765222646,0.397527182663946,15.8171320193392
"202601151609",14.7213888888889,"HEAN",4.5,0.0016,1,0.030343823084154,0.0300326664490756,0.0277099101916858,0.0277099101916858,0.0147876097085908,0.0215314557393392,0.00807125505617284,0.00807294005838533,24.2802570823609,24.1082765579224,0.50713635851802,0.28417404818213,0.352115956851091,0.00454395766186943,0.156495980822707,2.18510122692863,0.892723645144418,0.913197724454051,0.0208765823996785,12.922300483095
"202601151609",15.3952777777778,"HEAN",4.5,0.0016,1,0.0303766656236605,0.0300397494523371,0.0280919442936966,0.0280919442936966,0.0146040083796,0.0216388465814423,0.00802182795466493,0.00803245818079041,24.2983197273968,24.1122086842855,0.497152396026882,0.277849282543307,0.332655960938304,0.00480977402445148,0.147847093750357,2.18864400687494,0.904042528640041,0.924786961206688,0.132516256713019,13.4879359140966
"202601151609",15.9394444444444,"HEAN",4.5,0.0016,1,0.0303572958620967,0.0300864904927335,0.0285859022969776,0.0285859022969776,0.01478839264494,0.0220367313134866,0.00803991691256412,0.00807567603397565,24.2876688639323,24.1381366917344,0.504751876909716,0.282660623635164,0.324782134495731,0.00492637934806426,0.144347615331436,2.18427533482539,0.919811355958355,0.941648506073597,0.444769788051544,13.7975096520376
"202601211315",11.5054166666667,"ORSA",4.5,0.004265,1,0.0323260642729923,0.0318609628281396,0.0198515679265298,0.0198515679265298,0.00654088426799309,0.0135758679008484,0.00412320530768938,0.00414753041230142,25.3410974595605,25.0973892593384,0.156798482796962,0.0769646148119695,0.159713246603665,0.0267041093378045,0.0709836651571844,2.21452219830557,0.598685288560827,0.614104078952639,0.589956182067306,13.3106836585367
"202601211315",12.5744444444444,"ORSA",4.5,0.004265,1,0.0321495799847995,0.0316456048706769,0.0223007809211116,0.0223007809211116,0.00683176070808345,0.0150209802649487,0.00423601590908873,0.00425069428038323,25.2489837255233,24.9834917221946,0.164052562111547,0.0808647830609167,0.139267065596267,0.0306246130895309,0.0618964735983409,2.22323386085847,0.677343765543479,0.693656991215919,0.346513601684224,15.4690202130281
"202601211315",12.7680555555556,"ORSA",4.5,0.004265,1,0.032126124302154,0.0314536139441115,0.0253729983151032,0.0253729983151032,0.00708632702238104,0.0166003565107073,0.00423469876326369,0.00428117368826453,25.2367081588574,24.8813811321648,0.165802951889436,0.0818078383158902,0.115716424990106,0.0368573432886874,0.0514295222178251,2.20872268758846,0.767538691515027,0.789793318249784,1.097478890447,18.2866712927222
"202601211315",13.0270833333333,"ORSA",4.5,0.004265,1,0.0321876571498709,0.0314726540068361,0.0240672168276707,0.0240672168276707,0.00737807150915557,0.0160664961414952,0.0044523578310641,0.00446314926469518,25.268894850039,24.8915318519838,0.175910936335166,0.0872686388604972,0.135164669089708,0.0315541038107329,0.0600731862620923,2.2260637902581,0.730535125886557,0.747715707160976,0.242375703852652,16.6891453185152
"202601221548",11.50430556,"ORSA",4.5,0.004265,1,0.0323265680473574,0.0318477613589235,0.0198853215712704,0.0198853215712704,0.006544841856,0.01359012474,0.004125979,0.004148469,25.34135977,25.09042667,0.156924624033724,0.077032323557808,0.159435067482622,0.0267507021343649,0.0708600299922766,2.21556261589279,0.599830922152096,0.615138654438634,0.545082754904957,13.3404797152704
"202601221548",12.57291667,"ORSA",4.5,0.004265,1,0.032145794758196,0.0316361022748006,0.0223203188735338,0.0223203188735338,0.006833992837,0.01502969823,0.004236717,0.004250674,25.24700325,24.97845048,0.164118850509053,0.0809004833040623,0.139120004711765,0.0306569857357065,0.0618311132052289,2.22363207454392,0.678077867780633,0.694346462466694,0.329429603157355,15.4863260365338
"202601221548",12.76805556,"ORSA",4.5,0.004265,1,0.0321256428914154,0.0314936106905417,0.0250629108764576,0.0250629108764576,0.007086507278,0.01649154322,0.004234735,0.004268556,25.23645613,24.90269818,0.165808777576242,0.0818109782854981,0.117921097672204,0.0361682521973788,0.0524093767432016,2.2151967137155,0.759645885919046,0.780152819390112,0.798656822681935,17.9764035984576
"202601221548",13.02986111,"ORSA",4.5,0.004265,1,0.0321812416359537,0.031477802164284,0.024023426610264,0.024023426610264,0.007373465428,0.01606128762,0.004454252,0.004458042,25.26554152,24.89427554,0.175999599757581,0.0873166518963219,0.135580002236264,0.0314574415817441,0.0602577787716728,2.22951211680745,0.730025446252944,0.746504031200104,0.0850872379919242,16.649961182264
"202601271332",11.8277777777778,"MAGR (wi)",4.5,0.00265,0,0.0331478526090646,0.0326021173441676,0.0289906916326431,0.0289906916326431,0.00421809046900171,0.0172884384155273,0.00150703542774272,0.001505242055282,25.7643299754868,25.4843043736049,0.0511196573472648,0.0468900383974655,0.0560186685295926,0.0473056584449183,0.0248971860131523,2.1927905252163,0.842319350166441,0.87458732167511,-0.119000020019843,24.7726011636414
"202601271332",12.495,"MAGR (wi)",4.5,0.00265,0,0.033069665833897,0.0325238369890819,0.0288492538176679,0.0288492538176679,0.00461981607832999,0.0173418109512329,0.00154389801900834,0.00155196560313925,25.7244588384088,25.4438029098511,0.053244698084251,0.0491118313430286,0.0590009306992829,0.0449145457299067,0.026222635866348,2.18275411670461,0.83788037548069,0.872378147471234,0.5225464396989,24.2294377393379
"202601271332",12.7745833333333,"MAGR (wi)",4.5,0.00265,0,0.0330824809159092,0.0325643337042506,0.0289376781102003,0.0289376781102003,0.00476399285618852,0.0174421180045768,0.00154935474445044,0.00156292760559702,25.7309994813873,25.4647660973954,0.0536764510306867,0.0495637666844166,0.0593799341111503,0.0446278703347767,0.0263910818271779,2.17557276133422,0.838376164105306,0.874713059874671,0.876033148328097,24.1736852540118
"202601271332",13.0408333333333,"MAGR (wi)",4.5,0.00265,0,0.0330854475455705,0.032563990288049,0.0288140030682861,0.0288140030682861,0.00482186769184313,0.0174287776947022,0.00154927561035086,0.00155918738754416,25.7325132938853,25.464588423033,0.0537763149162725,0.0496683240037846,0.0598823356807316,0.0442534508695307,0.0266143714136585,2.18128805525616,0.836370964792996,0.870896578581834,0.639768490969486,23.992135376443
"202601271332",13.3101388888889,"MAGR (wi)",4.5,0.00265,0,0.0330880127974894,0.0326301501781847,0.0286451089175114,0.0286451089175114,0.00477955230304173,0.0174570838251421,0.00155200437376542,0.00155069259363377,25.7338221958705,25.498787664598,0.0537867137188236,0.0496792120784336,0.060364150081271,0.0439002288018995,0.0268285111472316,2.19767458195154,0.835939794909964,0.865724668714009,-0.0845216775045146,23.8655566144697
"202602021400",13.19555556,"LANO",4.5,0.00036,0,0.0324522873376809,0.0320328968316996,0.0282925272986958,0.0282925272986958,0.004975561506,0.01756980719,0.002356142,0.002394686,25.40670944,25.18784004,0.0841457366808627,0.0866664984010768,0.103204812426319,0.00348820943070862,0.0458688055228084,2.23730728674702,0.852498113112338,0.871819203506341,1.63589461076625,23.3169657926958
"202602031437",13.30125,"LANO",4.5,0.00036,0,0.0322595509941671,0.0319006965113924,0.0282241264690926,0.0282241264690926,0.007023580317,0.01852751067,0.002257175,0.002282566,25.3064333,25.11833004,0.0876859692598821,0.0904921408466753,0.108934541042659,0.00330473692324112,0.048415351574515,2.24667855975464,0.859194603804353,0.874907604082767,1.12490170234918,21.2005461520926
"202602031437",13.55930556,"LANO",4.5,0.00036,0,0.0323476665741859,0.0320039498938064,0.0279716764769016,0.0279716764769016,0.007138778664,0.01850192343,0.002279437,0.002291964,25.35234237,25.17264136,0.088636737004172,0.0915216929669949,0.112130798487672,0.00321053630987546,0.0498359104389654,2.25843476773352,0.851951533690074,0.864720069150939,0.549565528680987,20.8328978129016
"202602041346",12.6669444444444,"LANO",4.5,0.00036,0,0.0317534276264464,0.0314486091990339,0.0276370467489886,0.0276370467489886,0.0073790101924185,0.0186194510337634,0.00208537249778539,0.0020596227931002,25.0406007281805,24.8787120916905,0.0838817850116775,0.0863817680690046,0.105143829473643,0.0034238813804118,0.0467305908771747,2.30166985335226,0.867117589689721,0.870364203641768,-1.23477722625264,20.2580365565701
"202602041346",12.8495833333333,"LANO",4.5,0.00036,0,0.0317499335041824,0.0314647286641179,0.0277888646334384,0.0277888646334384,0.00738033879244769,0.0185751695156097,0.00206051822924228,0.00206958980998024,25.0387526971323,24.8873073101044,0.08289854359286,0.0853217347541317,0.103008579540455,0.00349485452188588,0.0457815909068689,2.2640200813818,0.863746749005655,0.875241664042469,0.440257242533402,20.4085258409907
"202602041346",13.0111111111111,"LANO",4.5,0.00036,0,0.031780936125946,0.0314750698327891,0.0278438646292942,0.0278438646292942,0.00735481604662808,0.0185768112341563,0.00204390048218722,0.00205322120261068,25.0551437031139,24.8928194046021,0.082039459574909,0.0843963425599278,0.101709548479924,0.00353949069070008,0.0452042437688551,2.26410070476421,0.864596553420872,0.876118454124527,0.456026137509685,20.4890485826661
"202602041346",13.2268055555556,"LANO",4.5,0.00036,0,0.0317809231584456,0.0315226420044119,0.0277174712394357,0.0277174712394357,0.00720728820164998,0.0184464379119873,0.00203800573945046,0.00205597420688719,25.0551368501451,24.9181562042236,0.0813179101790337,0.083619666956847,0.10130559145015,0.0035536044442043,0.045024707311178,2.25466872095407,0.858546469818914,0.872141790886585,0.881669128251583,20.5101830377857
"202602091149",10.7251388888889,"HEAN",4.5,0.0016,1,0.0311091273909577,0.0302937054322471,0.0304348395850987,0.0304348395850987,0.0194440826154223,0.0246489285786947,0.00651538299907948,0.00649753848297728,24.6967951830696,24.2526606241862,0.54442107670999,0.308075889762968,0.330005118895782,0.004848409640898,0.146668941731459,2.19838812262393,0.962323558660772,0.978325081337543,-0.273882841649074,10.9907569696764
"202602091149",10.9140277777778,"HEAN",4.5,0.0016,1,0.0309922155564808,0.0302051164645618,0.0303201325846677,0.0303201325846677,0.0197852743148804,0.0247236417803848,0.00656121337087825,0.00658633847508514,24.6337451457977,24.2037830018161,0.570595692462401,0.325126446952193,0.349360132162273,0.00457980133593727,0.155271169849899,2.17806359417233,0.960267443720773,0.978314458655325,0.38293380792046,10.5348582697873
"202602091149",11.0768055555556,"HEAN",4.5,0.0016,1,0.0309634405719589,0.03018525627595,0.0303562434149856,0.0303562434149856,0.0199608570337296,0.024835017254478,0.00657961294443036,0.00659266581530111,24.6181951165199,24.1928082850941,0.582779657004639,0.333140993216064,0.355928099759442,0.00449528992254722,0.158190266559752,2.18007717856207,0.962826008344971,0.98038986799409,0.198383567255263,10.395386381256
"202602091149",11.235,"HEAN",4.5,0.0016,1,0.0309513636038506,0.0301712041814303,0.0303894264331001,0.0303894264331001,0.0200563565304405,0.0248913444337391,0.00661603210232498,0.0066278388295027,24.6116649560761,24.185039308336,0.59176627439945,0.339084363035163,0.360715265588059,0.00443563151504439,0.160317895816915,2.17906050246644,0.964240050020301,0.981844510053166,0.178456316340583,10.3330699026596
"202602091149",11.40375,"HEAN",4.5,0.0016,1,0.0309418058887116,0.030195152451191,0.0303699310884775,0.0303699310884775,0.0201454495191574,0.0249654461020854,0.0066730876424117,0.00666223247466025,24.6064954102039,24.1982776869589,0.60229882688716,0.346085032871266,0.368859054712305,0.004337700212478,0.163937357649913,2.18404339252237,0.964761297754445,0.98151773033898,-0.162670840443607,10.2244815693201
"202602091149",11.56,"HEAN",4.5,0.0016,1,0.0310152149158625,0.03024110827109,0.030528197054745,0.030528197054745,0.0202427420843215,0.025060728634105,0.00668106795776458,0.00668058515179391,24.6461649697924,24.2236559998755,0.60430312635898,0.347421517435701,0.366759648334066,0.00436253008548701,0.163004288148474,2.1812804188571,0.967099501689746,0.984297453284181,-0.00722647896596939,10.2854549704235
"202602091149",11.6805555555556,"HEAN",4.5,0.0016,1,0.031005656128975,0.0302500889809811,0.0305525968153464,0.0305525968153464,0.0202866506195068,0.0251117398695512,0.00667380368337035,0.00667272724041885,24.6410041300456,24.2286115126176,0.606646417410012,0.348985789401772,0.367092295759644,0.0043585768987307,0.163152131448731,2.18137437148299,0.968251227430386,0.985387849502557,-0.0161293769276195,10.2659461958396
"202603061505",11.6568055555556,"HEAN",4.5,0.0016,1,0.0309653053540809,0.030153217405217,0.0303534370392253,0.0303534370392253,0.0207602575937907,0.0251082400196003,0.00781058781366381,0.00779732122560436,24.6192032284207,24.1750903579424,0.745570669199855,0.445214644222417,0.479994307233115,0.00333337286690556,0.213330803214718,2.15224997795241,0.960557830399679,0.980240197606353,-0.169853900576359,9.59317944543462
"202603061505",12.1911111111111,"HEAN",4.5,0.0016,1,0.031417380273846,0.0304919921009709,0.0308093443132252,0.0308093443132252,0.0212285730997721,0.0254214404821396,0.00791915096342564,0.00796176256456723,24.8620492723253,24.3616120020549,0.756780966162207,0.45329114007822,0.488634501081964,0.00327443108592861,0.217170889369762,2.13475556080292,0.958980047833743,0.980646509819695,0.538082950285851,9.58077121345311
"202603111747",11.2351388888889,"HEAN",4.5,0.0016,1,0.030952765301333,0.0304398388883093,0.0270580380965002,0.0270580380965002,0.0189390217739603,0.02282362596044,0.00637696017646163,0.00641610151824524,24.6124229845793,24.3330157297962,0.51756400431212,0.290813741479635,0.460965486383988,0.00347097569614396,0.204873549503995,2.14069792916713,0.856599017070048,0.874171914305018,0.613793103618343,8.11901632253987
"202603111747",12.1376388888889,"HEAN",4.5,0.0016,1,0.0305872715391107,0.0301592612730174,0.0274989544013418,0.0274989544013418,0.0178300199359655,0.0226838971376419,0.00599105825313018,0.00601650965836598,24.4137449413538,24.1784339547157,0.458250964090566,0.253503585117024,0.348270948950403,0.00459412421513187,0.154787088422401,2.17748467827627,0.882563011013052,0.899032604663022,0.424823197512777,9.6689344653763
"202603121336",9.77361111111111,"HEAN",4.5,0.0016,1,0.0308572966332939,0.030384216251115,0.030235144410842,0.030235144410842,0.0220110322227774,0.0258723374430339,0.00835870835901231,0.00837490774691105,24.5607256187025,24.3024699910482,0.919908394120574,0.576539923395301,0.632863701902922,0.00252819050166576,0.281272756401299,2.1054649356932,0.958274919911582,0.979837759935829,0.193802525497529,8.22411218806464
"202603121336",9.92694444444444,"HEAN",4.5,0.0016,1,0.030466345922742,0.0301322274764341,0.029975472945197,0.029975472945197,0.0222403517913818,0.0259583827485429,0.00833973259975513,0.00835672892788623,24.3475552113851,24.1634737380008,0.987108984946056,0.630641423548553,0.683196067405758,0.00234193385520432,0.303642696624781,2.09352443576807,0.96227986167506,0.983888025863365,0.203799437545509,7.73512115381519
"202603131448",11.85972222,"HEAN",4.5,0.0016,1,0.0309338267263162,0.0306868789592709,0.0304697426861446,0.0304697426861446,0.02269900808,0.02645422939,0.008669225,0.008815001,24.6021786,24.46809474,1.02452134117274,0.661667780909493,0.71410042818809,0.00224058120796781,0.317377968083596,2.05624620874866,0.959886833010595,0.98499752247669,1.68153439321278,7.77073460614465
"202603131448",12.03055556,"HEAN",4.5,0.0016,1,0.0309291442514873,0.0307107507059894,0.0304685997879146,0.0304685997879146,0.02312344274,0.02667763881,0.008744774,0.008856794,24.59964488,24.48109726,1.09002825163126,0.717632811047071,0.778610195495916,0.00205494355102931,0.346048975775963,2.05059475453443,0.960827702471034,0.985109692663075,1.28099365403839,7.34515704791459
"202603191446",14.3734722222222,"HEAN",4.5,0.0016,1,0.0304276197673074,0.029696514644436,0.0300908577422423,0.0300908577422423,0.0212474194587545,0.0251850676817053,0.00888538299168044,0.00888920733157326,24.3263096505023,23.9207251380472,0.942877763385977,0.594802042578624,0.623964437873186,0.00256424870214347,0.277317527943638,2.11076290862471,0.965652980612283,0.988932357258291,0.0430407996639063,8.84343828348776
"202603191446",14.5595833333333,"HEAN",4.5,0.0016,1,0.030424419734222,0.0297356958734083,0.0299335845530469,0.0299335845530469,0.0215719940478985,0.0252851965427399,0.00894596978114584,0.00893226803080844,24.3245530250745,23.9426808697837,0.984294126455775,0.628333749916589,0.676677518227714,0.00236449410080973,0.300745563656762,2.10250221946854,0.96095606148574,0.983867065158091,-0.153161151586701,8.36159050514838
"202603231458",14.5930555555556,"HEAN",4.5,0.0016,1,0.0299847063437984,0.0296516185599409,0.0295661136708087,0.0295661136708087,0.0228279376983643,0.0259861130124047,0.00751008708029985,0.00758871647218863,24.0816302185059,23.8955359141032,1.02165846972234,0.659269997056262,0.713573290158649,0.00224223639262657,0.317143684514955,2.0692775073055,0.964610406139859,0.98603979414738,1.04698375728609,6.73817597244436
"202603231458",14.7656944444444,"HEAN",4.5,0.0016,1,0.0298946169144963,0.0296341327442379,0.0294792825483875,0.0294792825483875,0.0229358186531067,0.0260882419629043,0.00747173434123397,0.00747583163483592,24.0314764022827,23.8857163847163,1.04534814462848,0.679230782342652,0.736833061863079,0.00217145522210201,0.327481360828035,2.08467447479963,0.966716977616269,0.986106717229501,0.0548372494902438,6.5434638952808
"202606041527",11.9969444444444,"HEAN",4.5,0.0016,1,0.0310527330005679,0.0305859462145521,0.0285553164170562,0.0285553164170562,0.0173394423055125,0.0230309550341438,0.00646641865822968,0.0064664120950243,24.6664077842629,24.4130207510555,0.460134388301787,0.254671488507217,0.320358664705655,0.00499440213820992,0.142381628758069,2.19537115629093,0.903267972441168,0.919574982869751,-0.000101496759289798,11.2158741115437
"202606041527",12.1427777777778,"HEAN",4.5,0.0016,1,0.0310784503354729,0.030651939008866,0.0290338627599884,0.0290338627599884,0.0163127398110606,0.0228359213497328,0.00601117232060231,0.00609202311455232,24.6802712071893,24.4490476483884,0.397456932781856,0.216381404242898,0.25571815081421,0.00625688866787742,0.113652511472982,2.18661706379101,0.914586957244601,0.934212048753576,1.34500875433079,12.7211229489278
"202606041527",14.0031944444444,"HEAN",4.5,0.0016,1,0.0309340857478298,0.0304499917051596,0.0288369334186067,0.0288369334186067,0.017408614370558,0.0232050028239211,0.00650536749024121,0.00649626667879216,24.6023187485952,24.338585997281,0.469345858513905,0.260399205237424,0.315636232519884,0.00506912652969652,0.140282770008837,2.19992501662468,0.916146358771969,0.932205776297422,-0.139896961435342,11.4283190480487
"202606041527",14.3072222222222,"HEAN",4.5,0.0016,1,0.0309326627054838,0.0304745127009849,0.0294005451988525,0.0294005451988525,0.017595311137916,0.0235685723191601,0.00654411798942897,0.00659961754582443,24.6015487714002,24.3520325806181,0.478755588301841,0.266277294537351,0.306067207227188,0.00522761002230583,0.13602986987875,2.18136318018831,0.931288078557507,0.950469265409872,0.84808306459498,11.8052340609365
"202606041527",14.6422222222222,"HEAN",4.5,0.0016,1,0.0309460405347963,0.0304601151877151,0.0293797514031181,0.0293797514031181,0.0178664740446572,0.0237090715975375,0.00664147383872872,0.00661544095901017,24.6087860036119,24.3441385578465,0.495381886266844,0.276730970006362,0.320303030988605,0.00499526962033938,0.142356902661602,2.20402782373514,0.933783959659042,0.949386444772569,-0.391974437462112,11.5132773584609
"202606041527",14.9415277777778,"HEAN",4.5,0.0016,1,0.0308990354192907,0.0304249453171758,0.0296764110587401,0.0296764110587401,0.018876266560312,0.0242995701505427,0.00699420663985913,0.00697015477507784,24.5833447828131,24.324841549522,0.567268434256094,0.322946426761975,0.365951747767996,0.00437216111074392,0.16264522123022,2.18889123482568,0.943753585149368,0.960431633416385,-0.343882673471813,10.8001444984281
"202606081346",11.6155555555556,"HEAN",4.5,0.0016,1,0.0310461668047406,0.0308140622422051,0.0263974528085913,0.0263974528085913,0.0126243828170154,0.0200318448934982,0.0056511563172906,0.00565948281020148,24.6628665456966,24.5372677988081,0.300066582573469,0.159152503358493,0.219297915359032,0.00729601098752124,0.0974657401595697,2.22468483561644,0.835566035162168,0.850264477885901,0.147341401358936,13.7730699915759
"202606081346",12.1202777777778,"HEAN",4.5,0.0016,1,0.0312346645037011,0.0308204767581894,0.0267817713703361,0.0267817713703361,0.0131583563334036,0.0203447486197594,0.00587139424245691,0.0058497472684646,24.7642671260251,24.5407499558855,0.317601897737967,0.169259935481497,0.231460920870152,0.00691261399110042,0.102871520386734,2.23219274461061,0.843947774346681,0.857437459178173,-0.36868541096725,13.6234150369325
"202606081346",12.6008333333333,"HEAN",4.5,0.0016,1,0.0312351328273647,0.030758749335715,0.0275151633326382,0.0275151633326382,0.0134347647464637,0.0207909532912234,0.00596824940294027,0.00596808421702937,24.7645183910023,24.5072146070764,0.327799337163074,0.175176854283757,0.227095848332991,0.00704548326948679,0.100931488147996,2.22545891217371,0.865836573482541,0.880904316453956,-0.00276774477316632,14.0803985861745
"202606081346",12.9113888888889,"HEAN",4.5,0.0016,1,0.0311437643753434,0.0307296301111152,0.0277472824489576,0.0277472824489576,0.0139845247421265,0.0211411230866338,0.00617376952618361,0.00623460330436347,24.7154350738525,24.4913742978808,0.351674306502541,0.189143747741658,0.241766458332558,0.00661795689540665,0.107451759258915,2.19891561295645,0.871911541790805,0.890941830748152,0.985358749170309,13.7627577068311
"202606081346",13.0781944444444,"HEAN",4.5,0.0016,1,0.0311603940568248,0.0307809866806162,0.0277566695441861,0.0277566695441861,0.0140215132937712,0.0213046802908687,0.00612074013927258,0.00607326025758886,24.7243779126336,24.5193024974758,0.349058194933253,0.18760548046257,0.239982200246007,0.00666716114095059,0.106658755664892,2.23853204895875,0.878180527596755,0.890767603694883,-0.775721246178608,13.7351562504149
"202606081346",13.32125,"HEAN",4.5,0.0016,1,0.0311191160200697,0.0306866897923956,0.0278373517115191,0.0278373517115191,0.0142922815388324,0.0214378618201953,0.00624169709672238,0.00616721813598235,24.7021724196041,24.467991668906,0.362514708834474,0.19553860895631,0.249080826335031,0.00642361768082417,0.110702589482236,2.24497919757332,0.883040297198131,0.894541853102958,-1.19324856022155,13.5450701726867
"202606091448",13.1531944444444,"HEAN",4.5,0.0016,1,0.0302893787166814,0.0298567966826902,0.0288906026288585,0.0288906026288585,0.0210122992010678,0.0246300848814157,0.00918093879761941,0.00934752506705431,24.2502763224583,24.0103821387658,0.964251734608392,0.612008843170453,0.758449208462155,0.00210956776294116,0.337088537094291,2.04405754562017,0.926135852621268,0.953819584716257,1.8144796856515,7.87830342779067
"202606091448",13.51625,"HEAN",4.5,0.0016,1,0.0302600016543928,0.0299779736176564,0.0297232276417427,0.0297232276417427,0.0210687769856946,0.0252473171315295,0.00909123940650245,0.00929406420030492,24.2340797884711,24.0778865814209,0.963736457138183,0.611591579835159,0.661056639299222,0.00242036749180243,0.293802950799654,2.05700498899505,0.9537442246486,0.982261269553758,2.23099166938008,8.65445065604807
"202606091448",13.98875,"HEAN",4.5,0.0016,1,0.0303061532507587,0.0300236613214369,0.0297175295284451,0.0297175295284451,0.0212352938285241,0.025323088758132,0.00919867125459206,0.00937949652400087,24.2595185255393,24.1032761966481,0.987956534613585,0.631336985202144,0.689008277070029,0.00232217819908335,0.306225900920013,2.05604946260285,0.95254670453525,0.980577418801941,1.96577597355206,8.48223569992097
"202606091448",14.1795833333333,"HEAN",4.5,0.0016,1,0.030277909327045,0.030049417401745,0.029657024494373,0.029657024494373,0.0213407606617097,0.0253955734871529,0.00917390435032787,0.00934042358720625,24.2439545046899,24.1175745371226,0.999998133007285,0.641255599731335,0.704603998522864,0.0022707790522822,0.313157332676828,2.05563342957947,0.952027166935424,0.979493801042683,1.81514032106111,8.31626383266333
"202606091448",14.3429166666667,"HEAN",4.5,0.0016,1,0.0302632697299161,0.0300160309876634,0.0297047944636762,0.0297047944636762,0.0213429810714722,0.0254194597516741,0.00916567545384169,0.00929863287934235,24.2358822631836,24.099038205828,1.00099590076291,0.642080519610598,0.698710023673576,0.00228993422992238,0.310537788299367,2.06432594150478,0.954889383448148,0.981546102875732,1.45060149871369,8.361813392204
"202606101622",12.75888889,"LITU",4.5,0.004085,1,0.0323544263998986,0.0318764283988925,0.0275942303382798,0.0275942303382798,0.007948778331,0.01824816506,0.002780919,0.002829797,25.3558598,25.10554276,0.111649525487255,0.0531600705123358,0.0676513422585641,0.0603831330409838,0.0300672632260285,2.18680576582012,0.824699018181552,0.85287342131234,1.75762041253269,19.6454520072798
"202606101622",13.12583333,"LITU",4.5,0.004085,1,0.0324398413095851,0.0319686549608936,0.0278965712566708,0.0278965712566708,0.007481479791,0.01820721514,0.002639662,0.002679894,25.40024977,25.15409342,0.103651539822601,0.0489626523217728,0.0612657016426376,0.066676784733941,0.0272292007300611,2.18736493984503,0.831004062549702,0.859947833605095,1.52413452934504,20.4150914656708
"202606161642",14.01861111,"LITU",4.5,0.004085,0,0.032905594649462,0.0326208715101757,0.0242073908360485,0.0242073908360485,0.004848308861,0.01500330529,0.001161659,0.001154444,25.64052334,25.493995,0.0406215493435099,0.0330622896862469,0.052352541977726,0.0780286848676424,0.0232677964345449,2.1414337217243,0.698577001401615,0.73566185610459,-0.62109448641986,19.3590819750485
"202606171621",11.5497222222222,"LITU",4.5,0.004085,0,0.0317922101082514,0.031354596363944,0.0287719964341381,0.0287719964341381,0.0127192419986336,0.0211075419433846,0.00396591004262976,0.00393579188880534,25.061100771638,24.8285059022509,0.203305841696083,0.21449785772799,0.261882883604071,0.0155985757594449,0.116392392712921,2.19955107620427,0.883611168141198,0.905001455896602,-0.759426045993951,16.0527544355045
"202606171621",12.8086111111111,"LITU",4.5,0.004085,0,0.0318062313488318,0.0314459899748771,0.0274909906724955,0.0274909906724955,0.0109350659743599,0.0195624981258226,0.00345491692368604,0.00349812040550877,25.0685068967314,24.8773151065992,0.16199781120466,0.165755789354187,0.216143683930522,0.0188994650489676,0.0960638595246764,2.1642986868957,0.835579120727485,0.864327193341164,1.25049263924518,16.5559246981356
"202606231508",12.1161111111111,"LITU",4.5,0.004085,0,0.0318294946354823,0.0315796185330699,0.0268521945199163,0.0268521945199163,0.00780418181740115,0.0179557834008727,0.00322583827582677,0.00324740658297834,25.0807884626859,24.9484578912908,0.131607541783615,0.131107661637444,0.170879801267764,0.0239056925961595,0.0759465783412285,2.18196176540772,0.815136883401891,0.843626165838727,0.668610925513381,19.0480127025151
"202606231508",12.3405555555556,"LITU",4.5,0.004085,0,0.0318207568698182,0.0315952759151572,0.0269521824430189,0.0269521824430189,0.00808326062977871,0.0182084697774939,0.00315422717499259,0.00315659769143708,25.0761763848991,24.9567765674076,0.130228309487165,0.129558712391521,0.168348388816205,0.0242651564931804,0.0748215061405356,2.19503316514763,0.821664274780935,0.847000043188253,0.0751536371027369,18.8689218132402
"202606241307",11.2491666666667,"LITU",4.5,0.004085,0,0.0318479476965703,0.0315932069208398,0.0269601101735042,0.0269601101735042,0.00899202574035268,0.0184828439738652,0.00315812597560999,0.00320400503999873,25.0905249638813,24.9556775289039,0.135353852321465,0.135325140403127,0.178085617238927,0.0229384049275545,0.0791491632173011,2.16461507281499,0.815841816401719,0.846525824218417,1.45273066188813,17.9680844331516
"202606241307",11.4690277777778,"LITU",4.5,0.004085,0,0.0319326823854242,0.0316397886880231,0.0273856509441755,0.0273856509441755,0.00901328987641768,0.0187358024821562,0.00310286278624765,0.00313080781249001,25.1351709886031,24.9804063236012,0.132609881272564,0.132234604449678,0.170177768965282,0.0240043104621578,0.0756345639845698,2.17698304862849,0.828972646910334,0.857605716100937,0.900620754685528,18.3723610677578
"202606241307",11.6652777777778,"LITU",4.5,0.004085,0,0.0319541854203519,0.0316838336132918,0.0277909939164708,0.0277909939164708,0.00884762682073257,0.0188539791852236,0.00302834481220035,0.00307149393665895,25.1464843301212,25.0037592053413,0.128386225114237,0.127493091346286,0.159913348268282,0.0255450845363248,0.0710725992303474,2.16609249478537,0.837899677435186,0.86971373392515,1.42484185700268,18.9433670957382
"202606301544",11.8706944444444,"LITU",4.5,0.004085,0,0.0313629458240607,0.0312799692689604,0.0247784300828457,0.0247784300828457,0.00906910529379117,0.0175239974323072,0.00283885019499872,0.00286447854810639,24.8329701181185,24.7885588344775,0.124763605585235,0.123441292814571,0.183999973567106,0.0222010901458645,0.0817777660298249,2.17590253864071,0.764987501149218,0.790054295978679,0.902772296784811,15.7093247890546
"202606301544",12.6055555555556,"LITU",4.5,0.004085,0,0.0314731592697898,0.0313312916193122,0.0261660803408835,0.0261660803408835,0.00885337720006149,0.0180341604727286,0.00272983051142337,0.00278902810317016,24.8918011469871,24.8160400390625,0.118249954767039,0.116190531668399,0.157593264045036,0.0259211586532823,0.0700414506866829,2.15035053705883,0.798632671079861,0.831377622963948,2.16854458542643,17.3127031408221
"202607011435",12.3454166666667,"LITU",4.5,0.004085,0,0.0323664113962122,0.0320953339417716,0.0253645279457293,0.0253645279457293,0.00649579126458419,0.0167587776354381,0.00223821757459327,0.00219332129095814,25.3620945378354,25.2205821105412,0.0848347094478309,0.0796785583789634,0.114505800349376,0.0356750486659714,0.0508914668219449,2.23658708658298,0.767455159731095,0.783668218117554,-2.00589451824353,18.8687366811451
"202607011435",13.0177777777778,"LITU",4.5,0.004085,0,0.0322357032856062,0.0318529319300009,0.0270556250774472,0.0270556250774472,0.00625043109383914,0.0172239395309897,0.00208351450354451,0.00209042841486414,25.2939896158653,25.0931539816015,0.0786376713271243,0.0730305137393457,0.0944475935544964,0.043251499019326,0.0419767082464428,2.17577135914231,0.807051787594929,0.839306182890945,0.331838886068123,20.8051939836081
"202607021430",11.6197222222222,"PYHA",4.5,0.000725,0,0.0312238780106439,0.0310263072286232,0.0218824151093056,0.0218824151093056,0.0053178312853763,0.014525740146637,0.00131742147067072,0.00130903257910783,24.7584790480764,24.6521520296733,0.0499246785194921,0.049574799028056,0.0797821142708693,0.0090872497755392,0.0354587174537197,2.28428183266691,0.694641756463831,0.700823104095081,-0.636765966674221,16.5645838239293
"202607021430",11.7815277777778,"PYHA",4.5,0.000725,0,0.0313098891924407,0.0310875831770976,0.0227283378012169,0.0227283378012169,0.0056646162546598,0.0151397234598795,0.00131477666973996,0.0013052935109419,24.8045846132132,24.6851920333563,0.0503199971512221,0.0499880645243876,0.0771099082249866,0.00940216395906787,0.0342710703222163,2.28659854545653,0.720037206517733,0.725915625619788,-0.72127525657537,17.0637215465571
"202607021430",12.0626388888889,"PYHA",4.5,0.000725,0,0.0313494420406877,0.0310953129685523,0.0226647634027592,0.0226647634027592,0.0056210458278656,0.0150046431223551,0.00136913424163746,0.00136948484901546,24.8257495164871,24.6893559032016,0.052231217604318,0.0519881476576333,0.0805804180384761,0.00899722311757954,0.0358135191282116,2.26903466340331,0.713817279450025,0.722971827483984,0.0256079621221555,17.0437175748936
"202607061608",14.4445833333333,"PYHA",4.5,0.000725,0,0.0319251874024035,0.0317202660169956,0.0273184653599056,0.0273184653599056,0.00765991656219258,0.0184369531952509,0.00247382270697249,0.00248678622647456,25.1312261095234,25.0230545006176,0.0999312745535658,0.103057461701112,0.129291538022668,0.00560748221490634,0.0574629057878526,2.24582204805606,0.840772625282871,0.855702584156137,0.524027832129279,19.658548797713
"202607071516",12.62819444,"PYHA",4.5,0.000725,0,0.0312135443571591,0.0313240782295177,0.0230850682063609,0.0230850682063609,0.005145916639,0.01528625459,0.00167138,0.001673179,24.75293233,24.81217991,0.0629514422939599,0.0632715845959851,0.0942512295780656,0.00769220734037749,0.0418894353680292,2.26457823777631,0.729468999355872,0.739584968057821,0.107635606504793,17.9391515673609
"202607071516",13.08305556,"PYHA",4.5,0.000725,0,0.0312347354307291,0.0313703859761662,0.0232254669095006,0.0232254669095006,0.005538246398,0.01551239089,0.001811719,0.00182191,24.76430518,24.83694728,0.0692082036110847,0.0699083090495112,0.104181420899818,0.00695901432077,0.0463028537332524,2.25197718632449,0.731172808633338,0.743578153911659,0.562504450193429,17.6872205115006
"202607071516",13.49305556,"PYHA",4.5,0.000725,0,0.0312989432648907,0.0313719426277062,0.0236121313081281,0.0236121313081281,0.005834209165,0.01579769481,0.001927201,0.001940367,24.79872328,24.83777929,0.0742760347833398,0.0753118720426501,0.110607477635399,0.00655471054488608,0.0491588789490661,2.24760397837967,0.741055902538119,0.754406661857327,0.683166934844887,17.7779221431281
"202607081445",11.9169444444444,"LITU",4.5,0.004085,0,0.0309392297726146,0.0305940040093358,0.0276483035289471,0.0276483035289471,0.013669379766263,0.0209207200010618,0.00365634574601661,0.0036715690366691,24.6051018106278,24.4174233078957,0.206996209859394,0.218948086060064,0.279800454764852,0.0145996903523016,0.124355757673267,2.16999579298769,0.869403199688779,0.893632573666057,0.416352602022794,13.9789237626841
"202607081445",12.2744444444444,"LITU",4.5,0.004085,0,0.0309144570922415,0.03063745603301,0.0280624659300268,0.0280624659300268,0.013580255287572,0.0211060476956302,0.0035760647690806,0.00362755775400629,24.5916953839754,24.441146876714,0.201711438565506,0.212580112095479,0.261704373460896,0.0156092156427427,0.116313054871509,2.15189815700167,0.87956804019232,0.907745714126402,1.43993434825089,14.4822106424548
"202607081445",12.4772222222222,"LITU",4.5,0.004085,0,0.0308835447044567,0.0306280713094627,0.0275210778351835,0.0275210778351835,0.0138870185168821,0.0210051115476168,0.00358721667052761,0.0036172374115827,24.5749531361594,24.4360255706005,0.20633132773467,0.218145117685742,0.281706652671806,0.0145009000009635,0.125202956743025,2.16053261456922,0.865983482559989,0.891124321982769,0.836881175919452,13.6340593183014
"202607131501",11.92305556,"HEAN",4.5,0.0016,1,0.030871979080688,0.0306276077726419,0.0278377431518331,0.0278377431518331,0.01344805788,0.02118772596,0.00462704,0.004659026,24.5686854,24.43577258,0.25967201389272,0.136186990339628,0.167705569962751,0.00954052987241496,0.0745358088723337,2.22942367355656,0.887108810911654,0.901715535601894,0.691284276773063,14.3896852718331
"202607131501",12.10958333,"HEAN",4.5,0.0016,1,0.0309148914694364,0.0306105993342231,0.0269837231462837,0.0269837231462837,0.01394266218,0.02092826069,0.004716253,0.00470094,24.59193054,24.42648735,0.271648063161843,0.142949969171012,0.190657777029993,0.00839199965993678,0.0847367897911078,2.24466873275275,0.861719295208797,0.872839006178006,-0.324685719786456,13.0410609662837
"202607141812",15.34347222,"HEAN",4.5,0.0016,1,0.0309342224249876,0.0301959245979676,0.028439040951067,0.028439040951067,0.01862565887,0.02307492482,0.010237608,0.010303553,24.6023927,24.19870437,0.811136135974376,0.493147535614036,0.656779322037906,0.00243613028960077,0.291901920905736,2.09042942916451,0.891346575527619,0.919339124169963,0.644144608779703,9.81338208106696
"202607141812",15.51319444,"HEAN",4.5,0.0016,1,0.0308749309214721,0.0302349223292219,0.028464013847747,0.028464013847747,0.01841793017,0.0230861485,0.009894837,0.009994852,24.57028528,24.22024188,0.774742233677527,0.466332727107706,0.610070373847367,0.00262264825270847,0.271142388376607,2.09387157772481,0.89387456341693,0.921913442337505,1.01077966216119,10.046083677747
"202607141812",15.69902778,"HEAN",4.5,0.0016,1,0.0307836027994212,0.0301732659225088,0.0282571643829062,0.0282571643829062,0.01831946843,0.02295337351,0.009775262,0.009890425,24.52072408,24.18617938,0.765016167529225,0.459255107852525,0.609173247083517,0.0026265106152645,0.270743665370452,2.09062465706288,0.889721579605606,0.917929086046989,1.17810653054619,9.93769595290619
"202607151453",12.34375,"HEAN",4.5,0.0016,1,0.0308892990949712,0.0304119163831834,0.0276850559922764,0.0276850559922764,0.0164703860282898,0.02220054063797,0.0061852552559382,0.00615301019279286,24.5780708392461,24.3176878929138,0.418810305419503,0.229294238619982,0.304802408127711,0.00524930235895513,0.13546773694565,2.21179244970068,0.882073118424846,0.896266888645057,-0.521321462269204,11.2146699639866
"202607151453",12.5009722222222,"HEAN",4.5,0.0016,1,0.0308392816158017,0.0303692894098035,0.0278098830124501,0.0278098830124501,0.0167480926513672,0.0223462065093371,0.00613838408025913,0.00616797507379432,24.5509546399116,24.2942644625294,0.425253632257153,0.233217234307668,0.306868760732617,0.00521395529535222,0.136386115881163,2.18905609271884,0.884707912262037,0.901768185099379,0.482064874864269,11.0617903610829
"202607151453",12.6744444444444,"HEAN",4.5,0.0016,1,0.0307787869789726,0.0303009552766911,0.0277505602114844,0.0277505602114844,0.0169192101548358,0.0223918153186177,0.00620346523185329,0.00621414063281791,24.5181071118611,24.2566550942354,0.436919458311536,0.24035158602306,0.318158145955475,0.00502894557420484,0.141403620424655,2.19228589001978,0.885272740343292,0.901613186719897,0.172087705268409,10.8313500566486
